starbb_123,123456_abc
starbb_03_30_10_25_01,123456_abc
starbb_03_30_10_25_51,123456_abc
starbb_03_30_10_26_41,123456_abc
starbb_03_30_10_27_23,123456_abc
starbb_03_30_10_28_08,123456_abc
starbb_03_30_10_29_16,123456_abc
starbb_03_30_10_31_19,123456_abc
starbb_03_30_10_33_23,123456_abc
starbb_03_31_09_50_09,123456_abc
starbb_03_31_09_53_56,123456_abc
starbb_04_01_10_53_32,123456_abc
starbb_04_01_11_39_09,123456_abc
starbb_04_01_11_39_26,123456_abc
starbb_04_01_06_20_37,123456_abc
starbb_04_22_08_26_33,123456_abc
starbb_05_20_03_01_12,123456_abc
starbb_06_22_02_18_55,123456_abc
starbb_06_22_04_42_11,123456_abc
starbb_06_22_04_49_11,123456_abc
starbb_06_22_05_28_09,123456_abc
starbb_06_22_07_39_47,123456_abc
starbb_06_22_11_39_11,123456_abc
starbb_06_22_11_39_57,123456_abc
starbb_06_22_11_41_08,123456_abc
starbb_06_22_11_42_37,123456_abc
starbb_06_22_11_51_02,123456_abc
starbb_06_22_11_56_17,123456_abc
starbb_06_23_12_47_00,123456_abc
starbb_06_23_01_32_56,123456_abc
starbb_06_23_01_33_41,123456_abc
starbb_06_23_01_34_22,123456_abc
starbb_06_23_01_35_18,123456_abc
